Research Assistant II;704
Business Analyst;649
Human Resources Analyst II;570
Research Assistant I;495
Account Executive;465
Data Visualization Specialist;418
Staff Accountant I;415
Human Resources Analyst;377
Software Engineer I;362
Systems Administrator I;350
Analyst Programmer;344
Senior Developer;339
Data Coordiator;333
Project Manager;322
Software Consultant;318
Help Desk Technician;318
Business Systems Development Analyst;316
Service Tech III;316
Service Tech II;306
Service Tech;305
Service Coordinator;303
Service Manager;301
Senior Cost Accountant;297
Cost Accountant;292
Desktop Support Technician;291
Structural Engineer;286
Tax Accountant;277
Recruiter;218
Operator;206
Account Manager;205
Solutions Engineer;203
Relationshiop Manager;198
Solutions Engineer Manager;198
Pre-Sales Consultant;196
Customer Success Manager;196
Research Associate;192
HR Manager;191
Senior Recruiter;191
Administrative Assistant I;180
Trainer II;176
Trainer I;175
Senior Trainer;172
Training Manager;170
Trainer III;169
Assistant Trainer;167
Junior Trainer;165
Budget/Accounting Analyst IV;165
Budget/Accounting Analyst II;153
Budget/Accounting Analyst III;151
Budget/Accounting Analyst I;150
Senior Editor;135
Senior Quality Engineer;135
Quality Control Specialist;129
Media Manager I;123
Support Staff;97
Software Engineer III;93
Staff Accountant IV;93
Staff Accountant III;90
Web Developer I;90
Programmer Analyst II;90
Software Engineer IV;87
Accounting Assistant IV;87
Computer Systems Analyst II;87
Database Administrator II;85
Editor;85
Accountant II;85
Programmer Analyst I;84
Help Desk Operator;83
Chief Design Engineer;83
Software Test Engineer IV;83
Accounting Assistant I;83
Computer Systems Analyst I;83
Software Engineer II;82
Accountant IV;82
Accountant III;82
Software Test Engineer I;82
Software Test Engineer III;81
Accounting Assistant II;80
Systems Administrator III;80
Database Administrator IV;80
Programmer I;79
Systems Administrator IV;79
Developer I;78
Developer III;77
Programmer Analyst III;77
Programmer III;77
Web Developer II;76
Database Administrator III;76
Programmer Analyst IV;75
Staff Accountant II;75
Accountant I;75
Database Administrator I;75
Programmer II;74
Systems Administrator II;72
VP Accounting;71
Developer IV;69
Computer Systems Analyst IV;69
Accounting Assistant III;68
Computer Systems Analyst III;67
Software Test Engineer II;67
Web Developer IV;64
Developer II;63
Financial Analyst;62
Human Resources Manager;62
Web Developer III;62
Paralegal;61
Quality Engineer;57
Programmer IV;57
Senior Financial Analyst;55
Product Engineer;54
Administrative Officer;53
Content Developer II;51
Support Staff II;51
Content Developer III;51
Design Engineer;49
Content Developer;49
Administrative Assistant II;46
Media Manager II;46
Analog Circuit Design manager;45
Structural Analysis Engineer;45
Internal Auditor;44
Assistant Manager;42
VP Marketing;42
Attorney;39
VP Product Management;38
Senior Attorney;38
VP Quality Control;38
Research Assistant;38
Executive Assistant;37
Administrative Assistant;36
Information Systems Manager;34
Staff Scientist;30
General Manager;30
Web Designer I;30
Compensation Analyst;29
Automation Specialist II;28
Electrical Engineer;28
Automation Specialist I;27
Financial Advisor;27
Actuary;26
Community Outreach Specialist;26
Librarian;26
Mechanical Systems Engineer;25
Recruiting Manager;20
Support Staff III;20
Payment Adjustment Coordinator;20
Automation Specialist IV;19
Legal Assistant;19
Administrative Assistant III;16
Human Resources Assistant III;15
Research Assistant III;15
Human Resources Assistant I;14
Senior Sales Associate;13
Automation Specialist III;12
Web Designer III;11
Human Resources Assistant IV;11
Graphic Designer;11
Statistician II;11
Statistician I;11
Human Resources Assistant II;10
Director of Sales;9
Administrative Assistant IV;8
Engineer I;8
Marketing Assistant;8
Web Designer IV;8
Research Assistant IV;7
Office Assistant I;6
VP Sales;6
Business Development Manager;5
Engineer II;5
Engineer III;5
Sales Associate;5
Web Designer II;4
Sales Representative;4
Engineer IV;3
Statistician III;3
Account Coordinator;2
Assistant Professor;1
Marketing Manager;1
Office Assistant II;1
Office Assistant IV;1
Statistician IV;1
Associate Professor;1
VP of Training and Development;1
